nombre;correo;tlf;direccion;;;;;;;;;;
cesar;cesar216@hotmail.com;723427567;216;hotmail.com;;;;;;;;;
daniel;daniel390@gmail.com;863081571;390;gmail.com;;;;;;;;;
jose;jose198@net.net;976553368;198;net.net;;;;;;;;;
perez;perez408@yahoo.es;964900580;408;yahoo.es;;;;;;;;;
juli;juli457@hotmail.com;650627571;457;hotmail.com;;;;;;;;;
penelope;penelope455@gmail.com;768018671;455;gmail.com;;;;;;;;;
asereje;asereje261@net.net;816346866;261;net.net;;;;;;;;;
judio;judio107@yahoo.es;903879381;107;yahoo.es;;;;;;;;;
jime;jime379@hotmail.com;900412025;379;hotmail.com;;;;;;;;;
pololo;pololo391@gmail.com;962445529;391;gmail.com;;;;;;;;;
qwerty;qwerty24@net.net;782814890;24;net.net;;;;;;;;;
qwerty;qwerty248@hotmail.com;659887365;248;hotmail.com;;;;;;;;;
asf;asf180@gmail.com;877233115;180;gmail.com;;;;;;;;;
qwerty;qwerty205@net.net;786299068;205;net.net;;;;;;;;;
qwerty;qwerty220@yahoo.es;719745802;220;yahoo.es;;;;;;;;;
qwerty;qwerty138@hotmail.com;899700258;138;hotmail.com;;;;;;;;;
qwerty;qwerty328@gmail.com;648060202;328;gmail.com;;;;;;;;;
g;g20@net.net;799917679;20;net.net;;;;;;;;;
qwerty;qwerty174@yahoo.es;979199607;174;yahoo.es;;;;;;;;;
qwerty;qwerty99@hotmail.com;977768438;99;hotmail.com;;;;;;;;;
qwerty;qwerty402@gmail.com;747000181;402;gmail.com;;;;;;;;;
qwerty;qwerty105@net.net;753753457;105;net.net;;;;;;;;;
qwerty;qwerty445@hotmail.com;835919299;445;hotmail.com;;;;;;;;;
qwerty;qwerty249@gmail.com;618658919;249;gmail.com;;;;;;;;;
qwerty;qwerty342@net.net;982565067;342;net.net;;;;;;;;;
asd;asd464@yahoo.es;772033662;464;yahoo.es;;;;;;;;;
qwerty;qwerty88@hotmail.com;876752991;88;hotmail.com;;;;;;;;;
qwerty;qwerty75@gmail.com;967852060;75;gmail.com;;;;;;;;;
qwerty;qwerty109@net.net;689149810;109;net.net;;;;;;;;;
qwerty;qwerty238@yahoo.es;836775196;238;yahoo.es;;;;;;;;;
qwerty;qwerty439@hotmail.com;700877051;439;hotmail.com;;;;;;;;;
qwerty;qwerty435@gmail.com;874394880;435;gmail.com;;;;;;;;;
qwerty;qwerty372@net.net;902146835;372;net.net;;;;;;;;;
qwerty;qwerty429@hotmail.com;859028133;429;hotmail.com;;;;;;;;;
qwerty;qwerty79@gmail.com;840724513;79;gmail.com;;;;;;;;;
qwerty;qwerty359@net.net;639696425;359;net.net;;;;;;;;;
qwerty;qwerty261@yahoo.es;841074293;261;yahoo.es;;;;;;;;;
qwerty;qwerty50@hotmail.com;800262261;50;hotmail.com;;;;;;;;;
qwerty;qwerty260@gmail.com;961213319;260;gmail.com;;;;;;;;;
asd;asd463@net.net;901149456;463;net.net;;;;;;;;;
qwerty;qwerty330@yahoo.es;760225932;330;yahoo.es;;;;;;;;;
qwerty;qwerty287@hotmail.com;908096220;287;hotmail.com;;;;;;;;;
qwerty;qwerty139@gmail.com;737523081;139;gmail.com;;;;;;;;;
qwerty;qwerty368@net.net;818972325;368;net.net;;;;;;;;;
qwerty;qwerty122@hotmail.com;633524734;122;hotmail.com;;;;;;;;;
